key,CLUB
2,club402
12,club111
14,club106
15,club402
16,club133
25,club403
28,club111
39,club101
45,club229
49,club402
51,club123
52,club204
54,club111
57,club242
66,club401
70,club111
86,club106
89,club221
105,club123
110,club132
116,club129
120,club246
130,club128
131,club109
134,club123
138,club218
146,club221
153,club604
161,club233
168,club111
173,club111
177,club111
180,club408
185,club243
204,club117
210,club242
212,club105
213,club222
216,club218
225,club111
229,club410
241,club410
245,club125
260,club101
269,club123
283,club127
286,club132
299,club123
301,club109
302,club125
305,club111
311,club418
313,club111
317,club111
326,club101
329,club123
346,club118
358,club111
369,club124
370,club245
390,club132
395,club125
408,club111
409,club267
410,club221
412,club125
413,club111
416,club403
421,club204
426,club233
443,club218
453,club218
466,club402
473,club111
477,club242
478,club408
479,club406
481,club402
488,club128
497,club123
510,club105
514,club501
541,club406
562,club117
563,club218
565,club106
568,club111
576,club111
580,club103
583,club201
610,club132
622,club132
626,club122
633,club233
634,club113
636,club123
646,club123
648,club410
650,club123
654,club133
659,club109
667,club265
700,club413
705,club108
706,club261
708,club254
709,club132
715,club115
721,club413
734,club108
736,club111
750,club117
760,club420
770,club123
775,club132
779,club123
791,club402
793,club105
795,club410
804,club119
806,club111
811,club410
816,club229
828,club410
829,club410
830,club403
840,club101
852,club206
853,club101
856,club210
857,club605
870,club117
892,club115
894,club605
904,club132
916,club109
918,club242
923,club262
924,club123
925,club213
927,club123
929,club123
933,club233
934,club123
940,club111
942,club125
952,club111
953,club221
966,club211
971,club401
977,club123
979,club418
1016,club132
1023,club252
1024,club119
1036,club132
1037,club123
1038,club402
1039,club249
1041,club115
1043,club132
1046,club406
1049,club123
1051,club418
1069,club261
1079,club102
1080,club232
1099,club202
1116,club204
1124,club131
1126,club123
1128,club221
1130,club117
1136,club406
1138,club113
1139,club420
1153,club605
1156,club103
1157,club111
1163,club402
1165,club102
1167,club111
1168,club410
1169,club111
1177,club402
1184,club249
1186,club221
1199,club218
1200,club111
1201,club102
1203,club111
1205,club123
1209,club129
1211,club232
1215,club119
1232,club111
1234,club402
1235,club101
1237,club111
1246,club221
1247,club111
1249,club267
1258,club237
1261,club401
1268,club250
1269,club103
1270,club109
1275,club123
1285,club133
1289,club132
1305,club219
1309,club129
1311,club221
1314,club132
1315,club105
1335,club132
1337,club601
1339,club111
1343,club111
1345,club124
1351,club126
1355,club123
1359,club129
1363,club204
1368,club103
1386,club123
1391,club103
1418,club114
1419,club402
1420,club242
1424,club402
1438,club413
1443,club108
1459,club408
1467,club418
1471,club111
1476,club117
1478,club111
1483,club103
1491,club125
1494,club110
1501,club249
1524,club242
1525,club123
1531,club121
1535,club401
1536,club418
1538,club132
1548,club124
1549,club221
1554,club117
1564,club402
1569,club103
1573,club406
1576,club250
1578,club261
1586,club111
1591,club127
1599,club605
1606,club132
1613,club111
1618,club125
1619,club232
1629,club418
1633,club129
1639,club221
1644,club111
1663,club133
1664,club123
1692,club132
1694,club121
1700,club123
1703,club413
1709,club132
1710,club206
1718,club108
1733,club128
1740,club111
1752,club402
1755,club103
1765,club408
1769,club204
1786,club111
1788,club242
1796,club401
1800,club401
1808,club403
1829,club413
1834,club111
1850,club410
1864,club232
1865,club257
1867,club123
1880,club408
1883,club128
1884,club111
1885,club109
1901,club111
1905,club129
1915,club101
1925,club117
1941,club127
1942,club229
1946,club109
1953,club111
1958,club410
1962,club103
1978,club410
1982,club410
1991,club403
1992,club109
1993,club407
1999,club103
2025,club242
2026,club123
2036,club408
2038,club132
2039,club402
2040,club102
2049,club109
2051,club111
2054,club242
2055,club243
2059,club117
2061,club417
2064,club123
2066,club111
2073,club111
2083,club117
2101,club126
2111,club413
2122,club111
2137,club406
2153,club111
2159,club101
2164,club111
2175,club410
2181,club123
2183,club403
2195,club126
2196,club111
2200,club117
2210,club403
2214,club218
2221,club111
2223,club111
2224,club410
2228,club229
2238,club119
2253,club242
2258,club123
2271,club123
2294,club603
2295,club402
2298,club111
2299,club219
2302,club202
2311,club126
2321,club402
2333,club109
2335,club111
2336,club123
2338,club109
2344,club103
2348,club605
2351,club111
2359,club229
2366,club206
2377,club406
2392,club242
2396,club601
2422,club410
2430,club111
2431,club103
2433,club133
2436,club413
2453,club111
2454,club125
2457,club111
2459,club103
2462,club111
2467,club420
2482,club132
2485,club117
2488,club221
2494,club405
2498,club261
2502,club105
2504,club111
2512,club407
2540,club258
2546,club218
2559,club105
2565,club132
2569,club420
2573,club109
2575,club209
2589,club124
2597,club258
2600,club605
2614,club603
2616,club115
2617,club126
2623,club420
2643,club233
2646,club125
2652,club111
2656,club132
2658,club253
2671,club117
2674,club128
2675,club111
2676,club233
2682,club111
2689,club123
2690,club128
2694,club106
2704,club242
2708,club221
2709,club109
2714,club129
2717,club124
2718,club401
2723,club123
2724,club103
2730,club111
2731,club126
2732,club132
2746,club242
2754,club402
2762,club133
2777,club243
2794,club402
2801,club109
2807,club111
2813,club403
2822,club402
2837,club403
2844,club219
2846,club402
2850,club233
2858,club109
2867,club402
2891,club229
2901,club105
2907,club111
2916,club111
2918,club132
2922,club109
2931,club103
2935,club105
2936,club119
2939,club109
2941,club222
2943,club109
2949,club105
2956,club408
2957,club132
2962,club117
2963,club133
2965,club132
2968,club413
2979,club128
2986,club111
2989,club242
2995,club402
2999,club103
3016,club403
3019,club126
3031,club221
3033,club402
3065,club267
3078,club115
3082,club111
3083,club115
3085,club413
3088,club125
3090,club605
3091,club401
3096,club403
3099,club242
3114,club123
3148,club123
3179,club402
3199,club109
3207,club601
3215,club111
3234,club133
3239,club410
3254,club117
3255,club131
3256,club108
3262,club101
3263,club111
3265,club111
3270,club123
3274,club115
3279,club128
3280,club109
3287,club103
3297,club123
3302,club132
3305,club111
3308,club111
3312,club420
3318,club125
3325,club229
3329,club604
3335,club111
3354,club105
3384,club221
3387,club403
3390,club111
3392,club402
3395,club242
3397,club133
3405,club109
3416,club413
3422,club112
3430,club401
3439,club245
3450,club420
3460,club245
3462,club125
3467,club221
3471,club109
3472,club119
3486,club109
3529,club219
3535,club601
3537,club123
3538,club109
3553,club121
3558,club119
3563,club601
3575,club103
3577,club111
3583,club109
3585,club133
3587,club403
3606,club125
3609,club232
3618,club109
3633,club409
3642,club245
3649,club123
3653,club121
3661,club119
3672,club124
3694,club115
3702,club117
3706,club253
3731,club123
3743,club111
3746,club123
3747,club111
3749,club133
3756,club111
3762,club115
3782,club123
3788,club111
3789,club108
3800,club111
3821,club420
3824,club119
3828,club121
3849,club402
3850,club109
3864,club129
3865,club406
3876,club403
3878,club218
3881,club111
3904,club132
3905,club410
3913,club402
3915,club501
3917,club410
3918,club258
3936,club109
3942,club408
3945,club402
3948,club115
3961,club413
3966,club111
3974,club420
3984,club402
3985,club402
3989,club219
3990,club252
3991,club109
3993,club210
3997,club123
4000,club109
4003,club245
4004,club245
4006,club117
4017,club111
4018,club101
4029,club123
4053,club605
4054,club124
4058,club108
4076,club402
4087,club245
4128,club105
4149,club111
4158,club102
4161,club105
4166,club413
4169,club221
4170,club109
4173,club111
4176,club101
4184,club402
4185,club111
4214,club113
4228,club403
4233,club109
4237,club132
4239,club133
4249,club402
4252,club219
4260,club410
4264,club410
4267,club222
4273,club111
4278,club212
4286,club410
4290,club420
4291,club403
4297,club211
4301,club232
4309,club109
4314,club233
4325,club410
4331,club125
4333,club246
4335,club242
4343,club105
4344,club114
4353,club111
4356,club111
4358,club123
4363,club127
4364,club105
4368,club111
4370,club125
4372,club111
4373,club229
4375,club111
4381,club127
4388,club111
4393,club221
4396,club128
4402,club123
4404,club111
4420,club242
4425,club218
4427,club242
4433,club221
4440,club242
4441,club111
4449,club242
4454,club204
4455,club401
4459,club117
4463,club125
4470,club111
4476,club111
4482,club218
4484,club210
4485,club242
4492,club111
4496,club124
4497,club229
4501,club221
4504,club601
4511,club410
4516,club242
4520,club133
4523,club109
4524,club107
4527,club125
4529,club221
4530,club109
4531,club123
4533,club258
4535,club105
4538,club402
4542,club410
4550,club111
4561,club105
4562,club115
4565,club111
4569,club111
4573,club111
4574,club111
4580,club117
4586,club603
4588,club108
4589,club245
4590,club408
4592,club117
4594,club128
4602,club206
4603,club109
4606,club261
4610,club117
4611,club115
4613,club604
4616,club127
4623,club123
4628,club601
4629,club401
4630,club406
4640,club242
4645,club132
4647,club101
4651,club111
4670,club249
4677,club105
4679,club108
4680,club105
4684,club129
4693,club117
4700,club111
4702,club111
4704,club132
4707,club132
4708,club410
4712,club125
4719,club123
4720,club132
4723,club111
4725,club123
4731,club212
4748,club111
4758,club204
4760,club111
4774,club124
4777,club242
4781,club121
4782,club123
4784,club132
4785,club229
4795,club103
4807,club409
4810,club103
4813,club249
4817,club601
4820,club132
4821,club132
4823,club221
4824,club121
4840,club111
4841,club202
4852,club132
4859,club132
4860,club124
4864,club111
4874,club221
4879,club111
4883,club111
4889,club128
4896,club604
4898,club242
4900,club111
4909,club125
4913,club111
4917,club108
4933,club125
4935,club117
4936,club111
4941,club111
4943,club111
4944,club132
4945,club111
4946,club115
4947,club111
4960,club111
4964,club413
4971,club111
4976,club109
4984,club103
4987,club106
4999,club229
5006,club501
5008,club209
5009,club410
5012,club603
5014,club229
5018,club101
5019,club413
5021,club221
5034,club109
5040,club111
5061,club232
5062,club413
5071,club111
5072,club111
5075,club111
5076,club121
5081,club113
5083,club218
5089,club111
5090,club124
5091,club126
5097,club406
5099,club111
5103,club108
5116,club128
5119,club408
5121,club111
5123,club123
5141,club125
5145,club402
5156,club111
5160,club413
5171,club105
5175,club111
5185,club111
5189,club124
5191,club125
5193,club410
5196,club133
5200,club111
5201,club221
5209,club125
5213,club133
5218,club128
5235,club261
5250,club111
5251,club401
5252,club101
5259,club246
5263,club117
5283,club127
5285,club601
5288,club125
5289,club123
5290,club249
5294,club133
5296,club112
5306,club417
5308,club258
5317,club105
5320,club408
5325,club131
5327,club604
5328,club111
5331,club601
5334,club111
5336,club242
5337,club115
5358,club221
5364,club124
5372,club111
5373,club402
5384,club604
5385,club117
5390,club111
5391,club124
5394,club132
5398,club115
5400,club132
5403,club221
5405,club111
5411,club127
5412,club133
5413,club245
5414,club245
5416,club604
5417,club133
5437,club111
5440,club108
5441,club123
5447,club111
5458,club406
5469,club408
5472,club116
5475,club408
5477,club111
5483,club420
5487,club601
5488,club117
5495,club211
5508,club408
5548,club413
5583,club209
5618,club245
5630,club413
5656,club132
5677,club132
5679,club123
5682,club407
5684,club603
5699,club123
5721,club117
5728,club218
5736,club245
5738,club128
5741,club242
5742,club245
5751,club211
5780,club402
5802,club218
5829,club132
5833,club402
5835,club242
5838,club111
5839,club245
5861,club111
5863,club410
5864,club132
5872,club402
5879,club132
5891,club125
5896,club501
5905,club219
5934,club221
5943,club132
5947,club202
5950,club218
5955,club125
5959,club128
5975,club125
5980,club403
5981,club125
5995,club101
6005,club125
6026,club133
6029,club125
6039,club242
6043,club218
6047,club402
6052,club219
6062,club242
6075,club242
6103,club243
6104,club126
6115,club408
6134,club125
6140,club242
6143,club245
6149,club123
6150,club245
6157,club402
6159,club119
6194,club402
6203,club218
6209,club111
6211,club206
6218,club410
6223,club221
6226,club111
6236,club406
6238,club245
6247,club402
6251,club218
6260,club218
6262,club408
6270,club413
6275,club211
6278,club221
6282,club132
6283,club245
6292,club403
6297,club126
6315,club218
6321,club125
6389,club117
6397,club402
6407,club605
6415,club410
6416,club105
6425,club403
6433,club115
6434,club105
6456,club402
6459,club413
6466,club211
6469,club245
6519,club258
6529,club408
6530,club245
6537,club245
6542,club132
6544,club413
6553,club501
6566,club413
6575,club101
6602,club404
6612,club406
6641,club242
6642,club404
6658,club404
6665,club123
6677,club229
6680,club245
6683,club410
6710,club202
6717,club402
6724,club245
6750,club124
6754,club406
6768,club406
6771,club206
6774,club403
6782,club245
6789,club420
6811,club404
6824,club101
6857,club245
6862,club133
6886,club113
6894,club402
6905,club402
6919,club404
6925,club101
6944,club111
6964,club221
6971,club402
6979,club403
6983,club403
6994,club103
7000,club132
7009,club132
7048,club402
7067,club245
7086,club111
7103,club132
7183,club121
7195,club245
7213,club402
7215,club211
7221,club245
7255,club111
7256,club404
7258,club401
7292,club113
7301,club402
7303,club245
7311,club402
7313,club420
7329,club123
7332,club402
7349,club109
7372,club101
7386,club402
7391,club402
7400,club420
7416,club413
7428,club126
7434,club402
7442,club245
7449,club403
7453,club123
7475,club403
7509,club242
7518,club132
7521,club402
7525,club242
7533,club125
7538,club132
7543,club242
7552,club245
7576,club201
7588,club125
7602,club245
7613,club109
7614,club245
7621,club117
7632,club132
7636,club402
7656,club123
7663,club109
7666,club242
7680,club245
7696,club211
7707,club229
7718,club210
7720,club109
7725,club245
7747,club108
7750,club111
7773,club218
7787,club123
7810,club245
7827,club420
7830,club102
7840,club132
7853,club132
7862,club132
7874,club413
7899,club111
7913,club132
7936,club132
7942,club605
7945,club242
7948,club241
7949,club209
7953,club218
7956,club242
7960,club128
7961,club101
7970,club406
7981,club402
7982,club402
7992,club213
8012,club417
8014,club603
8032,club218
8034,club125
8039,club245
8050,club401
8053,club123
8072,club221
8105,club219
8117,club242
8124,club229
8127,club210
8129,club403
8134,club402
8136,club402
8141,club242
8142,club123
8148,club123
8162,club111
8165,club245
8176,club123
8180,club403
8181,club127
8185,club403
8191,club123
8193,club117
8196,club601
8197,club405
8198,club127
8201,club101
8202,club132
8211,club105
8212,club109
8215,club109
8231,club123
8236,club233
8253,club111
8256,club109
8258,club402
8260,club249
8268,club117
8278,club113
8281,club111
8294,club604
8303,club604
8305,club115
8306,club133
8312,club408
8315,club117
8320,club125
8323,club604
8326,club111
8329,club102
8339,club128
8346,club123
8347,club109
8350,club111
8351,club123
8352,club604
8353,club233
8354,club111
8357,club126
8360,club406
8365,club108
8367,club604
8374,club206
8375,club229
8378,club406
8379,club604
8384,club109
8386,club601
8391,club109
8393,club103
8398,club113
8404,club501
8406,club604
8409,club105
8417,club109
8423,club604
8427,club133
8434,club249
8437,club132
8438,club128
8439,club109
8447,club413
8448,club133
8453,club604
8457,club105
8468,club103
8471,club604
8476,club109
8477,club115
8480,club408
8483,club105
8484,club117
8488,club103
8490,club109
8496,club249
8497,club601
8498,club132
8499,club249
8500,club201
8506,club604
8507,club405
8515,club249
8519,club133
8520,club133
8521,club111
8524,club233
8525,club103
8531,club115
8532,club604
8534,club253
8536,club133
8543,club604
8547,club604
8548,club119
8550,club604
8552,club111
8553,club111
8556,club124
8557,club413
8563,club115
8567,club604
8573,club249
8575,club111
8576,club403
8585,club105
8588,club122
8589,club408
8590,club109
8591,club123
8592,club105
8593,club111
8599,club115
8600,club115
8605,club127
8606,club111
8610,club413
8611,club117
8614,club604
8618,club113
8619,club601
8620,club604
8621,club108
8622,club117
8623,club123
8624,club128
8627,club101
8628,club103
8629,club103
8630,club110
8631,club109
8634,club109
8639,club111
8640,club604
8641,club212
8643,club604
8649,club219
8653,club111
8655,club252
8660,club115
8662,club601
8672,club109
8682,club604
8684,club111
8693,club111
8694,club212
8699,club601
8703,club119
8705,club132
8708,club124
8710,club111
8711,club604
8713,club604
8714,club111
8722,club604
8726,club219
8727,club111
8735,club115
8737,club133
8741,club401
8743,club604
8744,club241
8746,club123
8749,club132
8751,club105
8754,club105
8759,club604
8763,club418
8769,club123
8777,club119
8779,club115
8780,club109
8783,club109
8784,club413
8786,club122
8788,club126
8789,club123
8793,club122
8802,club105
8809,club124
8810,club601
8811,club109
8814,club413
8822,club109
8823,club267
8828,club123
8831,club202
8833,club111
8835,club109
8843,club406
8845,club123
8846,club410
8848,club111
8871,club242
8875,club111
8878,club604
8882,club124
8883,club116
8884,club105
8886,club603
8887,club604
8888,club123
8890,club112
8891,club604
8892,club229
8899,club413
8903,club109
8904,club133
8908,club109
8917,club105
8918,club101
8922,club111
8926,club604
8927,club229
8928,club109
8935,club105
8936,club604
8938,club109
8940,club133
8941,club111
8948,club108
8952,club402
8953,club101
8954,club111
8955,club109
8957,club406
8963,club604
8965,club105
8967,club109
8973,club604
8975,club604
8976,club206
8982,club242
8983,club133
8986,club107
8990,club604
8995,club603
8998,club111
9006,club119
9013,club413
9017,club409
9020,club133
9028,club229
9029,club410
9030,club409
9037,club105
9041,club111
9046,club109
9048,club604
9050,club604
9060,club604
9065,club119
9066,club123
9075,club123
9082,club117
9086,club115
9090,club402
9093,club117
9098,club117
9108,club209
9112,club111
9114,club123
9115,club132
9116,club111
9122,club406
9133,club119
9135,club242
9138,club604
9140,club111
9145,club211
9148,club604
9154,club218
9160,club123
9161,club119
9165,club228
9167,club123
9170,club221
9172,club108
9177,club111
9178,club123
9181,club405
9188,club410
9190,club111
9192,club110
9195,club129
9198,club127
9203,club109
9219,club111
9231,club221
9238,club132
9250,club109
9258,club420
9259,club402
9260,club123
9265,club125
9273,club410
9281,club604
9282,club109
9300,club402
9301,club233
9305,club123
9308,club115
9310,club123
9311,club209
9324,club108
9325,club121
9332,club111
9335,club242
9340,club110
9342,club249
9348,club105
9350,club119
9352,club115
9355,club111
9357,club420
9358,club604
9359,club111
9360,club101
9362,club119
9363,club410
9369,club133
9370,club133
9386,club109
9394,club115
9399,club413
9405,club127
9413,club122
9422,club126
9430,club111
9449,club111
9450,club403
9451,club111
9454,club408
9455,club604
9459,club242
9461,club123
9465,club242
9467,club218
9468,club123
9472,club111
9495,club604
9507,club111
9525,club126
9527,club115
9543,club113
9547,club133
9549,club105
9551,club117
9563,club232
9564,club111
9569,club249
9572,club402
9583,club119
9590,club111
9593,club604
9595,club132
9603,club406
9606,club118
9614,club117
9616,club221
9619,club212
9627,club604
9637,club212
9644,club111
9645,club128
9650,club125
9653,club604
9660,club124
9665,club245
9672,club604
9674,club109
9678,club218
9679,club219
9686,club406
9702,club601
9705,club413
9719,club109
9723,club132
9726,club123
9741,club601
9744,club127
9748,club204
9749,club123
9752,club129
9755,club126
9796,club113
9799,club111
9809,club132
9823,club245
9827,club402
9846,club113
9855,club125
9859,club245
9875,club245
9877,club402
9878,club402
9891,club245
9893,club218
9931,club101
9939,club132
9946,club408
9961,club402
9962,club402
9963,club123
9969,club242
